username, surname, email, password
Roman, Romanovich, roman.romanovich@email.com, roman.romanovich
Steven, Stevenson, steven.stevenson@mail.com, steven.stevenson
Borys, Borysenko, borys.borysenko@mail.com, borys.borysenko
Anhela, Onopenko, anhela.onopenko@mail.com, anhela.onopenko
Katerin, Malevich, katerin.malevich@mail.com, katerin.malevich
